,AQA | Geography - AS Level | https://www.aqa.org.uk/subjects/geography/a-level/geography-7037/specification/specification-at-a-glance,,,,,,,,,,
,,,,,,,,,,,
,,,,,,,,,N/A,,N/A
,,,,,,,,,,,
,AS Geography,,,,,,,,N/A,,N/A
,,,,,,,,,,,
,Paper 1 (80 Marks),,,,Paper 2 (80 Marks),,,,N/A,,N/A
,,,,,,,,,,,
,Paper,Insert,Mark Scheme,,Paper,Insert,Mark Scheme,,N/A,,N/A
Jun-23,https://filestore.aqa.org.uk/sample-papers-and-mark-schemes/2023/june/AQA-70361-QP-JUN23.PDF,N/A,https://filestore.aqa.org.uk/sample-papers-and-mark-schemes/2023/june/AQA-70361-MS-JUN23.PDF,,https://filestore.aqa.org.uk/sample-papers-and-mark-schemes/2023/june/AQA-70362-QP-JUN23-CR.PDF,N/A,https://filestore.aqa.org.uk/sample-papers-and-mark-schemes/2023/june/AQA-70362-MS-JUN23.PDF,Jun-23,,,
Jun-22,https://filestore.aqa.org.uk/sample-papers-and-mark-schemes/2022/june/AQA-70361-QP-JUN22.PDF,N/A,https://filestore.aqa.org.uk/sample-papers-and-mark-schemes/2022/june/AQA-70361-MS-JUN22.PDF,,https://filestore.aqa.org.uk/sample-papers-and-mark-schemes/2022/june/AQA-70362-QP-JUN22.PDF,N/A,https://filestore.aqa.org.uk/sample-papers-and-mark-schemes/2022/june/AQA-70362-MS-JUN22.PDF,Jun-22,N/A,,N/A
Jun-20,https://filestore.aqa.org.uk/sample-papers-and-mark-schemes/2020/november/AQA-70361-QP-NOV20-CR.PDF,N/A,https://filestore.aqa.org.uk/sample-papers-and-mark-schemes/2020/november/AQA-70361-W-MS-NOV20.PDF,,https://filestore.aqa.org.uk/sample-papers-and-mark-schemes/2020/november/AQA-70362-QP-NOV20.PDF,N/A,https://filestore.aqa.org.uk/sample-papers-and-mark-schemes/2020/november/AQA-70362-W-MS-NOV20.PDF,Jun-20,,,
Jun-19,https://examoo.s3.eu-west-2.amazonaws.com/papers/uk/as/geography/aqa/1/19-jun/qp.PDF,N/A,https://examoo.s3.eu-west-2.amazonaws.com/papers/uk/as/geography/aqa/1/19-jun/ms.PDF,,https://examoo.s3.eu-west-2.amazonaws.com/papers/uk/as/geography/aqa/2/19-jun/qp.PDF,N/A,https://examoo.s3.eu-west-2.amazonaws.com/papers/uk/as/geography/aqa/2/19-jun/ms.PDF,Jun-19,N/A,,N/A
Jun-18,https://examoo.s3.eu-west-2.amazonaws.com/papers/uk/as/geography/aqa/1/18-jun/qp.PDF,N/A,https://examoo.s3.eu-west-2.amazonaws.com/papers/uk/as/geography/aqa/1/18-jun/ms.PDF,,https://examoo.s3.eu-west-2.amazonaws.com/papers/uk/as/geography/aqa/2/18-jun/qp.PDF,N/A,https://examoo.s3.eu-west-2.amazonaws.com/papers/uk/as/geography/aqa/2/18-jun/ms.PDF,Jun-18,,,
