,,,,,,,,
,PEARSON EDEXCEL | Business Studies - BTEC,,,,,,,
,,,,,,,,
,,,,,,,,
,,,,,,,,
,https://qualifications.pearson.com/en/qualifications/btec-nationals/business-2016.html,Business Studies,,,,,Useful Business Resources,,
,,,,,,,,
,Personal and Business Finance (90 Marks),,,,,Resource,,Link
,,,,,,,,
,Paper,,Mark Scheme,,,N/A,,N/A
Jun 2022,https://qualifications.pearson.com/content/dam/pdf/BTEC-Nationals/Business/2016/External-assessments/business-unit-3-31463h-june-2022.pdf,,https://qualifications.pearson.com/content/dam/pdf/BTEC-Nationals/Business/2016/External-assessments/31463h-unit3-rms-20220817.pdf,,,,,
Jan 2022,https://qualifications.pearson.com/content/dam/pdf/BTEC-Nationals/Business/2016/External-assessments/P64323RRA_BTEC_L3_Business_Enterprise_&_Entrepreneurship_31463H_Unit_3_Jun_2022.pdf,,https://qualifications.pearson.com/content/dam/pdf/BTEC-Nationals/Enterprise-and-Entrepreneurship/2016/External%20assessments/31463h-unit3-rms-20220323.pdf,,,N/A,,N/A
Jan 2021,https://qualifications.pearson.com/content/dam/pdf/BTEC-Nationals/Business/2016/External-assessments/31463H_Unit_3_Jan_2021.pdf,,https://qualifications.pearson.com/content/dam/pdf/BTEC-Nationals/Business/2016/External-assessments/31463_MS_V1%2018_1_21%20(2).pdf,,,,,
Jan 2020,https://qualifications.pearson.com/content/dam/pdf/BTEC-Nationals/Business/2016/External-assessments/31463H_unit3_que_20200318.pdf,,https://qualifications.pearson.com/content/dam/pdf/BTEC-Nationals/Business/2016/External-assessments/31463H_unit3_rms_20200318.pdf,,,N/A,,N/A
Jun 2019,https://qualifications.pearson.com/content/dam/pdf/BTEC-Nationals/Enterprise-and-Entrepreneurship/2016/External%20assessments/61150ra-btec-l3-business-enterprise-entrepreneurship-31463h-unit-1-jun-2019.pdf,,https://qualifications.pearson.com/content/dam/pdf/BTEC-Nationals/Business/2016/External-assessments/31463H_unit3_rms_20190814.pdf,,,,,
Jan 2019,https://qualifications.pearson.com/content/dam/pdf/BTEC-Nationals/Enterprise-and-Entrepreneurship/2016/External%20assessments/51979-btec-l3-business-enterprise-entrepreneurship-31463h-unit-3-jan-2019.pdf,,https://qualifications.pearson.com/content/dam/pdf/BTEC-Nationals/Enterprise-and-Entrepreneurship/2016/External%20assessments/31463h-unit3-rms-20190313.pdf,,,N/A,,N/A
Jun 2018,https://qualifications.pearson.com/content/dam/pdf/BTEC-Nationals/Business/2016/External-assessments/31463H_Unit_3_qp_Jun_2018.pdf,,https://qualifications.pearson.com/content/dam/pdf/BTEC-Nationals/Business/2016/External-assessments/31463H_unit3_rms_20180815.pdf,,,,,
Jan 2018,https://qualifications.pearson.com/content/dam/pdf/BTEC-Nationals/Business/2016/External-assessments/51800-BTEC-L3-Business-Enterprise-and-Entrepreneurship-3146H-U3-Jan-2018.pdf,,https://qualifications.pearson.com/content/dam/pdf/BTEC-Nationals/Business/2016/External-assessments/31463_unit_3_rms_for_level_3.pdf,,,N/A,,N/A
Jun 2017,https://qualifications.pearson.com/content/dam/pdf/BTEC-Nationals/Business/2016/External-assessments/31463H_U3_June_2017_BTEC_L3_Enterprise_Entrepreneurship.pdf,,https://qualifications.pearson.com/content/dam/pdf/BTEC-Nationals/Business/2016/External-assessments/31463H_unit3_rms_20170817.pdf,,,,,