,AQA | Mathematics - A Level,,,,,,,,,,,
,,,,,,,,,,,,
,,,,,,,,,,,,
,,,,,,,,,,,,
,https://www.aqa.org.uk/subjects/mathematics/a-level/mathematics-7357/specification,,,,,,,,,Useful Maths Resources,,
,,,,,,,,,,,,
,Paper 1 (100 Marks),,,Paper 2 (100 Marks),,,Paper 3 (100 Marks),,,Resource,,Link
,,,,,,,,,,,,
,Paper,Mark Scheme,,Paper,Mark Scheme,,Paper,Mark Scheme,,Maths Genie,,https://www.mathsgenie.co.uk/
Jun-23,https://cdn.sanity.io/files/p28bar15/green/94cf2fab3abe61527f67a08030a9c170bb831b7c.pdf,https://cdn.sanity.io/files/p28bar15/green/e79e15aa274dc5df317d425a5f0f3f04c5d2c8e4.pdf,,https://cdn.sanity.io/files/p28bar15/green/caf36644f7a9ee71248a26501b534f604f2a4afb.pdf,https://cdn.sanity.io/files/p28bar15/green/8e283b5d871ee181b1006aa0acd7aa7c0d26ba32.pdf,,https://cdn.sanity.io/files/p28bar15/green/845dcae55f400eb8b21dd12ae41b67b9899e1759.pdf,https://cdn.sanity.io/files/p28bar15/green/01f47192e32f3afe44f073f4a6ae8b567334c4c9.pdf,Jun-23,,,
Jun-22,https://cdn.sanity.io/files/p28bar15/green/2a5aecb7389b9d68665acb16934011d592e7423e.pdf,https://cdn.sanity.io/files/p28bar15/green/73d2584e55d1633adf1eb77c4a7d9b069bc261f2.pdf,,https://cdn.sanity.io/files/p28bar15/green/ac66e8f9e60fdc77e6aa10e2db5bcf845b16d65c.pdf,https://cdn.sanity.io/files/p28bar15/green/edbc9daa9d8c7103bab6cb70e294c607a1f99338.pdf,,https://cdn.sanity.io/files/p28bar15/green/b5bf4fdcc7eb87822cd4b056d709d7220611afd2.pdf,https://cdn.sanity.io/files/p28bar15/green/0e8de8b78f71b8ec0d2cb86e0c92c7d2ed6cf8c0.pdf,Jun-22,,,
Nov-21,https://cdn.sanity.io/files/p28bar15/green/d81ab0495164c7c07a0ec57c54d85f5827de54c6.pdf,https://cdn.sanity.io/files/p28bar15/green/ebb952444dffe9e23c7384762017e8421ee8f158.pdf,,https://cdn.sanity.io/files/p28bar15/green/8c6e911c6659dccb8db4a3927a4786fbd489ddf5.pdf,https://cdn.sanity.io/files/p28bar15/green/a77193f2bf491289733ba2288a9713eedc25a15d.pdf,,https://cdn.sanity.io/files/p28bar15/green/5cf9cbd7a760229cc7370922821410560886f432.pdf,https://cdn.sanity.io/files/p28bar15/green/b5dd0f2d4da07ccc3569329aa5222c7d716e5537.pdf,Nov-21,,,
Nov-20,https://cdn.sanity.io/files/p28bar15/green/63bfdc1cf15b7603814d9191b6a9c31ea8dcee71.pdf,https://cdn.sanity.io/files/p28bar15/green/4b7cd6088e92fcd5d2c901ff91dfe52da14b3282.pdf,,https://cdn.sanity.io/files/p28bar15/green/d5e620bbcaaeb5f4066d0e20d00f0beef8bc420d.pdf,https://cdn.sanity.io/files/p28bar15/green/ee4559eb02fb0540016cc8b5bc24975d6897f714.pdf,,https://cdn.sanity.io/files/p28bar15/green/d133c39cb921cb42f5a824cc62a140ae7b8c47d0.pdf,https://cdn.sanity.io/files/p28bar15/green/05eda9932b4d3598a8ab3bdb220517b2741a9ee2.pdf,Nov-20,,,
Jun-19,https://cdn.sanity.io/files/p28bar15/green/5ffaf065e1c5e1008671993f6ed645ee4a5df18a.pdf,https://cdn.sanity.io/files/p28bar15/green/0b73d9dab009c08b4027558782ef4f9c52583314.pdf,,https://cdn.sanity.io/files/p28bar15/green/8f266e9f580bfa7f7948cc8a91c8e7f903559af8.pdf,https://cdn.sanity.io/files/p28bar15/green/6cf53301f080d4eaea968d8ae1df40960b5a20cb.pdf,,https://cdn.sanity.io/files/p28bar15/green/0bde213c5400c3b97b773cef3c0a1a7ef8b13275.pdf,https://cdn.sanity.io/files/p28bar15/green/19931d9c18c052b93a164f8d0d340205072f2d6e.pdf,Jun-19,,,
Jun-18,https://cdn.sanity.io/files/p28bar15/green/672a954edc8c8d4dbcf6aa09034d31222739f676.pdf,https://cdn.sanity.io/files/p28bar15/green/f62f173576360b83a5c59710962e8372b361ce0f.pdf,,https://cdn.sanity.io/files/p28bar15/green/3255c07281e781ee87f30fe83750f2abce9871e9.pdf,https://cdn.sanity.io/files/p28bar15/green/e815a331e84c8ecef73530b411ee29a0fd84ed31.pdf,,https://cdn.sanity.io/files/p28bar15/green/b01b72e5e16abb2e45cd15ef4d1c78a4ef713c7c.pdf,https://cdn.sanity.io/files/p28bar15/green/4e780b44d4b4e39395a9cf27a94adb9b27a92b4b.pdf,Jun-18,,,
